Date,DataIn(TB),DataInAvg(TB),DataOut(TB),DataOutAvg(TB)
2023/02/10,0.329578645216,0.329597657952,0.329578645216,0.329597657952
2023/02/11,0.315115996512,0.315132030264,0.315115996512,0.315132030264
2023/02/12,0.313720450304,0.313732035704,0.313720450304,0.313732035704
2023/02/13,0.308023207296,0.308034730096,0.308023207296,0.308034730096
2023/02/14,0.31355230964,0.313567735216,0.31355230964,0.313567735216
2023/02/15,0.329304127912,0.329320811584,0.329304127912,0.329320811584
2023/02/16,0.351454779208,0.351470990856,0.351454779208,0.351470990856
2023/02/17,0.305133610512,0.3051497204,0.305133610512,0.3051497204
2023/02/18,0.332484064704,0.33250080216,0.332484064704,0.33250080216
2023/02/19,0.34049763912,0.340516107352,0.34049763912,0.340516107352
2023/02/20,0.327027465536,0.327046153896,0.327027465536,0.327046153896
2023/02/21,0.311166726408,0.311184053744,0.311166726408,0.311184053744
2023/02/22,0.325481738312,0.325501003472,0.325481738312,0.325501003472
2023/02/23,0.30247462724,0.302493499824,0.30247462724,0.302493499824
2023/02/24,0.313738660208,0.313755043408,0.313738660208,0.313755043408
2023/02/25,0.317203530184,0.317215380512,0.317203530184,0.317215380512
2023/02/26,0.324327305856,0.32433782072,0.324327305856,0.32433782072
2023/02/27,0.2958193354,0.295831571664,0.2958193354,0.295831571664
2023/02/28,0.288218348072,0.28823095444,0.288218348072,0.28823095444
2023/03/01,0.344074292224,0.344084840536,0.344074292224,0.344084840536
2023/03/02,0.3543756198,0.354389419464,0.3543756198,0.354389419464
2023/03/03,0.33761399272,0.33762234424,0.33761399272,0.33762234424
2023/03/04,0.316902487184,0.316914964608,0.316902487184,0.316914964608
2023/03/05,0.326987729552,0.326997589464,0.326987729552,0.326997589464
2023/03/06,0.356200769008,0.356213347632,0.356200769008,0.356213347632
2023/03/07,0.317019192072,0.317034701168,0.317019192072,0.317034701168
2023/03/08,0.329969183904,0.329976679776,0.329969183904,0.329976679776
2023/03/09,0.34529198016,0.345296390336,0.34529198016,0.345296390336
2023/03/10,0.314574288688,0.314581484712,0.314574288688,0.314581484712
2023/03/11,0.380448979224,0.38045244884,0.380448979224,0.38045244884
2023/03/12,0.342171295776,0.34217710736,0.342171295776,0.34217710736
2023/03/13,0.355101029768,0.3551027516,0.355101029768,0.3551027516
2023/03/14,0.336265710512,0.336270349472,0.336265710512,0.336270349472
2023/03/15,0.3423579274,0.34236447788,0.3423579274,0.34236447788
2023/03/16,0.363434759424,0.363442353552,0.363434759424,0.363442353552
2023/03/17,0.357356431592,0.3573590074,0.357356431592,0.3573590074
2023/03/18,0.343955264808,0.34395966388,0.343955264808,0.34395966388
2023/03/19,0.3366322968,0.336635601088,0.3366322968,0.336635601088
2023/03/20,0.355658076448,0.355661640872,0.355658076448,0.355661640872
2023/03/21,0.31618602776,0.316190188496,0.31618602776,0.316190188496
2023/03/22,0.3286038188,0.328610809336,0.3286038188,0.328610809336
2023/03/23,0.322338288344,0.322343177008,0.322338288344,0.322343177008
2023/03/24,0.323565179968,0.323570674968,0.323565179968,0.323570674968
2023/03/25,0.315214025112,0.315217854224,0.315214025112,0.315217854224
2023/03/26,0.293168746512,0.293173552272,0.293168746512,0.293173552272
2023/03/27,0.285128560232,0.285133046792,0.285128560232,0.285133046792
2023/03/28,0.299041411512,0.299045555584,0.299041411512,0.299045555584
2023/03/29,0.319850394568,0.31985513332,0.319850394568,0.31985513332
2023/03/30,0.335363627168,0.33536753948,0.335363627168,0.33536753948
2023/03/31,0.323450337432,0.323455418352,0.323450337432,0.323455418352
2023/04/01,0.327787394832,0.327793374776,0.327787394832,0.327793374776
2023/04/02,0.324378258408,0.324380528968,0.324378258408,0.324380528968
2023/04/03,0.344442968424,0.344445248088,0.344442968424,0.344445248088
2023/04/04,0.324040122856,0.324045299192,0.324040122856,0.324045299192
2023/04/05,0.332282351136,0.332285050864,0.332282351136,0.332285050864
2023/04/06,0.339667467464,0.339680649648,0.339667467464,0.339680649648
2023/04/07,0.315088771608,0.315099279136,0.315088771608,0.315099279136
2023/04/08,0.308501902704,0.308511842312,0.308501902704,0.308511842312
2023/04/09,0.308044377184,0.308046976096,0.308044377184,0.308046976096
2023/04/10,0.326562609456,0.326566586752,0.326562609456,0.326566586752
2023/04/11,0.314950961472,0.314954049312,0.314950961472,0.314954049312
2023/04/12,0.357354435056,0.357359818488,0.357354435056,0.357359818488
2023/04/13,0.372213385576,0.372220320368,0.372213385576,0.372220320368
2023/04/14,0.305516137688,0.305520978512,0.305516137688,0.305520978512
2023/04/15,0.255264628768,0.255268844424,0.255264628768,0.255268844424
2023/04/16,0.235432423824,0.235437225656,0.235432423824,0.235437225656
2023/04/17,0.214425553656,0.214431503016,0.214425553656,0.214431503016
2023/04/18,0.262926390104,0.262929538032,0.262926390104,0.262929538032
2023/04/19,0.297159872936,0.297163854296,0.297159872936,0.297163854296
2023/04/20,0.311631288416,0.311637283744,0.311631288416,0.311637283744
2023/04/21,0.30455102332,0.30455410488,0.30455102332,0.30455410488
2023/04/22,0.303287797896,0.30329279484,0.303287797896,0.30329279484
2023/04/23,0.304212450824,0.30421692808,0.304212450824,0.30421692808
2023/04/24,0.302340412992,0.30234699468,0.302340412992,0.30234699468
2023/04/25,0.286394085192,0.286400053632,0.286394085192,0.286400053632
2023/04/26,0.3144692366,0.314474587448,0.3144692366,0.314474587448
2023/04/27,0.345860872464,0.345863617432,0.345860872464,0.345863617432
2023/04/28,0.308985845816,0.308993363576,0.308985845816,0.308993363576
2023/04/29,0.319605648512,0.319610683,0.319605648512,0.319610683
2023/04/30,0.29804213468,0.298045848496,0.29804213468,0.298045848496
2023/05/01,0.313406488176,0.313410935008,0.313406488176,0.313410935008
2023/05/02,0.28622685804,0.28623092044,0.28622685804,0.28623092044
2023/05/03,0.344778572392,0.344784699792,0.344778572392,0.344784699792
2023/05/04,0.351467917232,0.351472712536,0.351467917232,0.351472712536
2023/05/05,0.325184206984,0.325185695832,0.325184206984,0.325185695832
2023/05/06,0.331339567368,0.331342661224,0.331339567368,0.331342661224
2023/05/07,0.316819797904,0.316824856448,0.316819797904,0.316824856448
2023/05/08,0.30033878104,0.300342050712,0.30033878104,0.300342050712
2023/05/09,0.322403791296,0.322410651176,0.322403791296,0.322410651176
2023/05/10,0.351245072592,0.351250189624,0.351245072592,0.351250189624
2023/05/11,0.375040511184,0.375046373512,0.375040511184,0.375046373512
2023/05/12,0.328550289344,0.328555447808,0.328550289344,0.328555447808
2023/05/13,0.312220830536,0.312226373288,0.312220830536,0.312226373288
2023/05/14,0.305645985952,0.305648103648,0.305645985952,0.305648103648
2023/05/15,0.307666484032,0.307671331856,0.307666484032,0.307671331856
2023/05/16,0.304682346184,0.304694940072,0.304682346184,0.304694940072
2023/05/17,0.327083500488,0.327088299384,0.327083500488,0.327088299384
2023/05/18,0.337572101088,0.33757740772,0.337572101088,0.33757740772
2023/05/19,0.322963192192,0.322968708936,0.322963192192,0.322968708936
2023/05/20,0.33311998316,0.333128286536,0.33311998316,0.333128286536
2023/05/21,0.289514498944,0.2895228774,0.289514498944,0.2895228774
2023/05/22,0.319404975224,0.319414796456,0.319404975224,0.319414796456
2023/05/23,0.312074115992,0.312084464192,0.312074115992,0.312084464192
2023/05/24,0.310296604384,0.310306786168,0.310296604384,0.310306786168
2023/05/25,0.327389823632,0.327400788968,0.327389823632,0.327400788968
2023/05/26,0.314297694864,0.31430806288,0.314297694864,0.31430806288
2023/05/27,0.30812798112,0.30813837348,0.30812798112,0.30813837348
2023/05/28,0.300251973888,0.300263297384,0.300251973888,0.300263297384
2023/05/29,0.30521206976,0.305220096912,0.30521206976,0.305220096912
2023/05/30,0.302040215232,0.3020483004,0.302040215232,0.3020483004
2023/05/31,0.328093070096,0.328099116728,0.328093070096,0.328099116728
2023/06/01,0.336853337912,0.336848895072,0.336853337912,0.336848895072
2023/06/02,0.317980214112,0.317988347536,0.317980214112,0.317988347536
2023/06/03,0.31833502676,0.318343065104,0.31833502676,0.318343065104
2023/06/04,0.287781400144,0.287788578888,0.287781400144,0.287788578888
2023/06/05,0.282806782552,0.282815161456,0.282806782552,0.282815161456
2023/06/06,0.283223445672,0.28322922024,0.283223445672,0.28322922024
2023/06/07,0.327686840576,0.327693939168,0.327686840576,0.327693939168
2023/06/08,0.3395051734,0.339514665936,0.3395051734,0.339514665936
2023/06/09,0.342390355328,0.34239547352,0.342390355328,0.34239547352
2023/06/10,0.373166007624,0.373178391696,0.373166007624,0.373178391696
2023/06/11,0.319514017768,0.319521006272,0.319514017768,0.319521006272
2023/06/12,0.25769462912,0.25770227552,0.25769462912,0.25770227552
2023/06/13,0.255185901224,0.255192410272,0.255185901224,0.255192410272
2023/06/14,0.265914449408,0.265922027384,0.265914449408,0.265922027384
2023/06/15,0.284857542408,0.284864356112,0.284857542408,0.284864356112
2023/06/16,0.291919016632,0.285209090856,0.291919016632,0.285209090856
2023/06/17,0.27596059392,0.266095286624,0.27596059392,0.266095286624
2023/06/18,0.247537079552,0.237669595912,0.247537079552,0.237669595912
2023/06/19,0.247566418856,0.237706478792,0.247566418856,0.237706478792
2023/06/20,0.285706072496,0.28172672468,0.285706072496,0.28172672468
2023/06/21,0.334665571112,0.334672202592,0.334665571112,0.334672202592
2023/06/22,0.323439705096,0.323447949976,0.323439705096,0.323447949976
2023/06/23,0.312007283144,0.31201227292,0.312007283144,0.31201227292
2023/06/24,0.30104764792,0.301053437904,0.30104764792,0.301053437904
2023/06/25,0.269913459928,0.269919190104,0.269913459928,0.269919190104
2023/06/26,0.291443806336,0.291451169376,0.291443806336,0.291451169376
2023/06/27,0.310150412296,0.31015655748,0.310150412296,0.31015655748
2023/06/28,0.342542000248,0.342547483072,0.342542000248,0.342547483072
2023/06/29,0.318953640112,0.31895964248,0.318953640112,0.31895964248
2023/06/30,0.316081564816,0.31609067508,0.316081564816,0.31609067508
2023/07/01,0.298249112,0.298258870112,0.298249112,0.298258870112
2023/07/02,0.265962255528,0.26596688252,0.265962255528,0.26596688252
2023/07/03,0.268505597336,0.268513386032,0.268505597336,0.268513386032
2023/07/04,0.298515207736,0.29852591392,0.298515207736,0.29852591392
2023/07/05,0.319397035928,0.3194031444,0.319397035928,0.3194031444
2023/07/06,0.325208662608,0.325215762216,0.325208662608,0.325215762216
2023/07/07,0.303938998064,0.30394966192,0.303938998064,0.30394966192
2023/07/08,0.30900250192,0.309010509792,0.30900250192,0.309010509792
2023/07/09,0.278561434912,0.278569583568,0.278561434912,0.278569583568
2023/07/10,0.281373009776,0.281382333864,0.281373009776,0.281382333864
2023/07/11,0.303473388752,0.303481743168,0.303473388752,0.303481743168
2023/07/12,0.30056680628,0.300575157568,0.30056680628,0.300575157568
2023/07/13,0.316207287592,0.31621559,0.316207287592,0.31621559
2023/07/14,0.30882918472,0.308837212128,0.30882918472,0.308837212128
2023/07/15,0.300344613176,0.300353385096,0.300344613176,0.300353385096
2023/07/16,0.250994462192,0.251000689096,0.250994462192,0.251000689096
2023/07/17,0.254963012288,0.25496907128,0.254963012288,0.25496907128
2023/07/18,0.286103981696,0.286113056496,0.286103981696,0.286113056496
2023/07/19,0.29596593708,0.295974939384,0.29596593708,0.295974939384
2023/07/20,0.294432010792,0.294439804608,0.294432010792,0.294439804608
2023/07/21,0.285684864392,0.285694504184,0.285684864392,0.285694504184
2023/07/22,0.27305083056,0.27305915304,0.27305083056,0.27305915304
2023/07/23,0.250503052432,0.25051052072,0.250503052432,0.25051052072
2023/07/24,0.269897380176,0.269905835872,0.269897380176,0.269905835872
2023/07/25,0.277111042104,0.277121379768,0.277111042104,0.277121379768
2023/07/26,0.288586638584,0.288592927656,0.288586638584,0.288592927656
2023/07/27,0.31079541048,0.31078552172,0.31079541048,0.31078552172
2023/07/28,0.284669483152,0.28467684564,0.284669483152,0.28467684564
2023/07/29,0.27473179152,0.274739684424,0.27473179152,0.274739684424
2023/07/30,0.256910079992,0.256917125632,0.256910079992,0.256917125632
2023/07/31,0.254281146048,0.254288318512,0.254281146048,0.254288318512
2023/08/01,0.265656304056,0.26566295112,0.265656304056,0.26566295112
2023/08/02,0.2626604742,0.26266844612,0.2626604742,0.26266844612
2023/08/03,0.276289761952,0.276298101736,0.276289761952,0.276298101736
2023/08/04,0.271015413016,0.271023612808,0.271015413016,0.271023612808
2023/08/05,0.258807331696,0.258814449216,0.258807331696,0.258814449216
2023/08/06,0.227496390584,0.227503085232,0.227496390584,0.227503085232
2023/08/07,0.228768859656,0.22877553764,0.228768859656,0.22877553764
2023/08/08,0.249872987592,0.249875769024,0.249872987592,0.249875769024
2023/08/09,0.274893100136,0.274897242096,0.274893100136,0.274897242096
2023/08/10,0.273329671728,0.273334708496,0.273329671728,0.273334708496
2023/08/11,0.275718588976,0.275721431568,0.275718588976,0.275721431568
2023/08/12,0.253016242872,0.253023913096,0.253016242872,0.253023913096
2023/08/13,0.232729802976,0.232736737512,0.232729802976,0.232736737512
2023/08/14,0.231790347488,0.231799913928,0.231790347488,0.231799913928
2023/08/15,0.228227127672,0.228235040816,0.228227127672,0.228235040816
2023/08/16,0.2345101802,0.234518245768,0.2345101802,0.234518245768
2023/08/17,0.256180577072,0.256188558248,0.256180577072,0.256188558248
2023/08/18,0.26031823816,0.260326761376,0.26031823816,0.260326761376
2023/08/19,0.242187552688,0.242193407536,0.242187552688,0.242193407536
2023/08/20,0.2523580038,0.252359048216,0.2523580038,0.252359048216
2023/08/21,0.256419532088,0.256421994256,0.256419532088,0.256421994256
2023/08/22,0.262739764968,0.262740446792,0.262739764968,0.262740446792
2023/08/23,0.2799568092,0.27995995132,0.2799568092,0.27995995132
2023/08/24,0.296246640448,0.296250892744,0.296246640448,0.296250892744
2023/08/25,0.286464793424,0.286466766864,0.286464793424,0.286466766864
2023/08/26,0.321805143096,0.321807613776,0.321805143096,0.321807613776
2023/08/27,0.29372971912,0.293731427696,0.29372971912,0.293731427696
2023/08/28,0.284353578384,0.284355889032,0.284353578384,0.284355889032
2023/08/29,0.295184479272,0.29518531648,0.295184479272,0.29518531648
2023/08/30,0.304303602896,0.304305796984,0.304303602896,0.304305796984
2023/08/31,0.334010932112,0.334011877488,0.334010932112,0.334011877488
2023/09/01,0.30640083592,0.306402648672,0.30640083592,0.306402648672
2023/09/02,0.304052643584,0.304057918064,0.304052643584,0.304057918064
2023/09/03,0.266576174168,0.266586006552,0.266576174168,0.266586006552
2023/09/04,0.306086638568,0.3060979194,0.306086638568,0.3060979194
2023/09/05,0.291044768608,0.291051327944,0.291044768608,0.291051327944
2023/09/06,0.310779566136,0.310786356056,0.310779566136,0.310786356056
2023/09/07,0.320838627032,0.320843591696,0.320838627032,0.320843591696
2023/09/08,0.31443896044,0.314447718216,0.31443896044,0.314447718216
2023/09/09,0.32733470952,0.3275806718,0.32733470952,0.3275806718
2023/09/10,0.293793412848,0.29380435028,0.293793412848,0.29380435028
2023/09/11,0.318987602976,0.318992763032,0.318987602976,0.318992763032
2023/09/12,0.298987052448,0.298996221008,0.298987052448,0.298996221008
2023/09/13,0.331425974584,0.33143089832,0.331425974584,0.33143089832
2023/09/14,0.325783651584,0.325792049416,0.325783651584,0.325792049416
2023/09/15,0.312931867968,0.312939347096,0.312931867968,0.312939347096
2023/09/16,0.315472373864,0.315482619088,0.315472373864,0.315482619088
2023/09/17,0.3273461046,0.327353072496,0.3273461046,0.327353072496
2023/09/18,0.354682975944,0.354693946016,0.354682975944,0.354693946016
2023/09/19,0.31811939028,0.318129623608,0.31811939028,0.318129623608
2023/09/20,0.333596404736,0.333942415544,0.333596404736,0.333942415544
2023/09/21,0.332233958808,0.332812870736,0.332233958808,0.332812870736
2023/09/22,0.361411852576,0.361491114816,0.361411852576,0.361491114816
2023/09/23,0.317668523024,0.31767458812,0.317668523024,0.31767458812
2023/09/24,0.31302297516,0.313026051616,0.31302297516,0.313026051616
2023/09/25,0.343490705328,0.34349245152,0.343490705328,0.34349245152
2023/09/26,0.347695382688,0.347700346272,0.347695382688,0.347700346272
2023/09/27,0.363248124528,0.363250371504,0.363248124528,0.363250371504
2023/09/28,0.401813680432,0.401814801896,0.401813680432,0.401814801896
2023/09/29,0.3800981686,0.380099720168,0.3800981686,0.380099720168
2023/09/30,0.36663668576,0.366640319352,0.36663668576,0.366640319352
2023/10/01,0.355177001024,0.355178861576,0.355177001024,0.355178861576
2023/10/02,0.356817468144,0.356822650672,0.356817468144,0.356822650672
2023/10/03,0.356144841152,0.356149193816,0.356144841152,0.356149193816
2023/10/04,0.369208253616,0.369209551904,0.369208253616,0.369209551904
2023/10/05,0.366962610576,0.366963421928,0.366962610576,0.366963421928
2023/10/06,0.393651179952,0.39366000604,0.393651179952,0.39366000604
2023/10/07,0.3679020228,0.367912713432,0.3679020228,0.367912713432
2023/10/08,0.327717304576,0.327725247672,0.327717304576,0.327725247672
2023/10/09,0.339943170096,0.339950505136,0.339943170096,0.339950505136
2023/10/10,0.3391730786,0.33917910012,0.3391730786,0.33917910012
2023/10/11,0.404879864592,0.404886859176,0.404879864592,0.404886859176
2023/10/12,0.443028160624,0.480659585304,0.443028160624,0.480659585304
2023/10/13,0.49691565176,0.565042226776,0.49691565176,0.565042226776
2023/10/14,0.378497269256,0.37850454848,0.378497269256,0.37850454848
2023/10/15,0.347302745328,0.347309070912,0.347302745328,0.347309070912
2023/10/16,0.346667179528,0.346673250416,0.346667179528,0.346673250416
2023/10/17,0.3614391782,0.361442313864,0.3614391782,0.361442313864
2023/10/18,0.395082915976,0.395087713696,0.395082915976,0.395087713696
2023/10/19,0.38132388672,0.380724116592,0.38132388672,0.380724116592
2023/10/20,0.380891086584,0.379898586056,0.380891086584,0.379898586056
2023/10/21,0.379467105896,0.378504908976,0.379467105896,0.378504908976
2023/10/22,0.372687718176,0.371698315152,0.372687718176,0.371698315152
2023/10/23,0.396544391368,0.395483552416,0.396544391368,0.395483552416
2023/10/24,0.350671489584,0.349751524816,0.350671489584,0.349751524816
2023/10/25,0.374061682432,0.373400448176,0.374061682432,0.373400448176
2023/10/26,0.379321989104,0.37867803564,0.379321989104,0.37867803564
2023/10/27,0.410897809672,0.410219266816,0.410897809672,0.410219266816
2023/10/28,0.373159791456,0.372551169944,0.373159791456,0.372551169944
2023/10/29,0.359974507632,0.35937337288,0.359974507632,0.35937337288
2023/10/30,0.376689122008,0.376122345704,0.376689122008,0.376122345704
2023/10/31,0.383945204904,0.384669166856,0.383945204904,0.384669166856
2023/11/01,0.372316422904,0.372324041064,0.372316422904,0.372324041064
2023/11/02,0.369415811144,0.369421588832,0.369415811144,0.369421588832
2023/11/03,0.381188863928,0.381197471048,0.381188863928,0.381197471048
2023/11/04,0.44534293616,0.44535039932,0.44534293616,0.44535039932
2023/11/05,0.435618522176,0.435626270552,0.435618522176,0.435626270552
2023/11/06,0.393948827776,0.39395595504,0.393948827776,0.39395595504
2023/11/07,0.352339391664,0.352348682848,0.352339391664,0.352348682848
2023/11/08,0.376299672224,0.376305465472,0.376299672224,0.376305465472
2023/11/09,0.399968288352,0.399973989088,0.399968288352,0.399973989088
2023/11/10,0.421851445664,0.421855570296,0.421851445664,0.421855570296
2023/11/11,0.385790801784,0.385794616544,0.385790801784,0.385794616544
2023/11/12,0.37272773456,0.372730367592,0.37272773456,0.372730367592
2023/11/13,0.38738719408,0.3873889642,0.38738719408,0.3873889642
2023/11/14,0.3425803256,0.342586957528,0.3425803256,0.342586957528
2023/11/15,0.359859213864,0.3598628664,0.359859213864,0.3598628664
2023/11/16,0.374898835128,0.374902180472,0.374898835128,0.374902180472
2023/11/17,0.41526671716,0.415268610872,0.41526671716,0.415268610872
2023/11/18,0.394683460896,0.394685474352,0.394683460896,0.394685474352
2023/11/19,0.361375089536,0.361379634984,0.361375089536,0.361379634984
2023/11/20,0.351860239112,0.351861954976,0.351860239112,0.351861954976
2023/11/21,0.3894246128,0.334325597208,0.3894246128,0.334325597208
2023/11/22,0.387442881096,0.387615171944,0.387442881096,0.387615171944
2023/11/23,0.359701548408,0.35970648532,0.359701548408,0.35970648532
2023/11/24,0.35552181792,0.355525487408,0.35552181792,0.355525487408
2023/11/25,0.361646346536,0.36164847312,0.361646346536,0.36164847312
2023/11/26,0.373342846512,0.373347424112,0.373342846512,0.373347424112
2023/11/27,0.383008877536,0.383011136704,0.383008877536,0.383011136704
2023/11/28,0.32028451612,0.320287636136,0.32028451612,0.320287636136
2023/11/29,0.359470733152,0.359472662024,0.359470733152,0.359472662024
2023/11/30,0.366520752584,0.366524934624,0.366520752584,0.366524934624
2023/12/01,0.381880398872,0.381889970304,0.381880398872,0.381889970304
2023/12/02,0.352396525864,0.352391441976,0.352396525864,0.352391441976
2023/12/03,0.355167989,0.355173324288,0.355167989,0.355173324288
2023/12/04,0.459139453832,0.45914405932,0.459139453832,0.45914405932
2023/12/05,0.406146746904,0.406153984112,0.406146746904,0.406153984112
2023/12/06,0.416532364648,0.416537145616,0.416532364648,0.416537145616
2023/12/07,0.440210431272,0.440213284984,0.440210431272,0.440213284984
2023/12/08,0.45214908784,0.45215290008,0.45214908784,0.45215290008
2023/12/09,0.418090070144,0.418096600792,0.418090070144,0.418096600792
2023/12/10,0.401163310568,0.401165424632,0.401163310568,0.401165424632
2023/12/11,0.411816143704,0.41181780828,0.411816143704,0.41181780828
2023/12/12,0.383241361736,0.38324230788,0.383241361736,0.38324230788
2023/12/13,0.406845717376,0.40684878872,0.406845717376,0.40684878872
2023/12/14,0.413498657336,0.413503815848,0.413498657336,0.413503815848
2023/12/15,0.442083816544,0.44208906324,0.442083816544,0.44208906324
2023/12/16,0.43020999184,0.430209861696,0.43020999184,0.430209861696
2023/12/17,0.417037750976,0.417037652336,0.417037750976,0.417037652336
2023/12/18,0.446060136216,0.446065660496,0.446060136216,0.446065660496
2023/12/19,0.402782491,0.402788523792,0.402782491,0.402788523792
2023/12/20,0.422162823424,0.422165920456,0.422162823424,0.422165920456
2023/12/21,0.42732843132,0.427332966624,0.42732843132,0.427332966624
2023/12/22,0.435253924616,0.435261229712,0.435253924616,0.435261229712
2023/12/23,0.412554618464,0.41255898692,0.412554618464,0.41255898692
2023/12/24,0.386138324536,0.38613915936,0.386138324536,0.38613915936
2023/12/25,0.349616249608,0.349618317856,0.349616249608,0.349618317856
2023/12/26,0.342896604632,0.342900931288,0.342896604632,0.342900931288
2023/12/27,0.388060123736,0.388062469192,0.388060123736,0.388062469192
2023/12/28,0.378908712008,0.378914241832,0.378908712008,0.378914241832
2023/12/29,0.39224308512,0.392247469016,0.39224308512,0.392247469016
2023/12/30,0.372182871496,0.372190397528,0.372182871496,0.372190397528
2023/12/31,0.33763990852,0.337644607488,0.33763990852,0.337644607488
2024/01/01,0.329432243504,0.329438689112,0.329432243504,0.329438689112
2024/01/02,0.353552177464,0.353559295592,0.353552177464,0.353559295592
2024/01/03,0.388739441168,0.388743651144,0.388739441168,0.388743651144
2024/01/04,0.44030554944,0.440314441,0.44030554944,0.440314441
2024/01/05,0.396499891872,0.396509343248,0.396499891872,0.396509343248
2024/01/06,0.348747610512,0.348753866496,0.348747610512,0.348753866496
2024/01/07,0.371849906608,0.371856653184,0.371849906608,0.371856653184
2024/01/08,0.4400070752,0.440015542824,0.4400070752,0.440015542824
2024/01/09,0.351175870368,0.35118433092,0.351175870368,0.35118433092
2024/01/10,0.366747615528,0.366753945328,0.366747615528,0.366753945328
2024/01/11,0.418104752824,0.418111673152,0.418104752824,0.418111673152
2024/01/12,0.369752782544,0.36975755424,0.369752782544,0.36975755424
2024/01/13,0.35372165848,0.353726894536,0.35372165848,0.353726894536
2024/01/14,0.377855522736,0.377861043168,0.377855522736,0.377861043168
2024/01/15,0.407344297016,0.407348780288,0.407344297016,0.407348780288
2024/01/16,0.363987705832,0.36399542192,0.363987705832,0.36399542192
2024/01/17,0.367825763832,0.367831928624,0.367825763832,0.367831928624
2024/01/18,0.422302521528,0.422308615296,0.422302521528,0.422308615296
2024/01/19,0.392672405112,0.392681411536,0.392672405112,0.392681411536
2024/01/20,0.392996963512,0.393002673624,0.392996963512,0.393002673624
2024/01/21,0.406487174904,0.406491118792,0.406487174904,0.406491118792
2024/01/22,0.43038748916,0.430393173664,0.43038748916,0.430393173664
2024/01/23,0.401545922224,0.401549175688,0.401545922224,0.401549175688
2024/01/24,0.431791614024,0.431798328824,0.431791614024,0.431798328824
2024/01/25,0.425544317696,0.42555018072,0.425544317696,0.42555018072
2024/01/26,0.40540231236,0.405407172816,0.40540231236,0.405407172816
2024/01/27,0.398116039408,0.398121036064,0.398116039408,0.398121036064
2024/01/28,0.398345028824,0.39834853716,0.398345028824,0.39834853716
2024/01/29,0.43302114388,0.433025431304,0.43302114388,0.433025431304
2024/01/30,0.385441181176,0.385444705744,0.385441181176,0.385444705744
2024/01/31,0.433495271112,0.433497688136,0.433495271112,0.433497688136
2024/02/01,0.438131518744,0.438136742552,0.438131518744,0.438136742552
2024/02/02,0.406636482048,0.406539328024,0.406636482048,0.406539328024
2024/02/03,0.400825707224,0.400827351456,0.400825707224,0.400827351456
2024/02/04,0.397135249056,0.397140288264,0.397135249056,0.397140288264
2024/02/05,0.420946914736,0.420952160608,0.420946914736,0.420952160608
2024/02/06,0.388985538144,0.388986881736,0.388985538144,0.388986881736
2024/02/07,0.397551347384,0.397558871512,0.397551347384,0.397558871512
2024/02/08,0.452506109808,0.452513917344,0.452506109808,0.452513917344
2024/02/09,0.426163633952,0.426169556512,0.426163633952,0.426169556512
2024/02/10,0.385441181176,0.385444705744,0.385441181176,0.385444705744
2024/02/11,0.433495271112,0.433497688136,0.433495271112,0.433497688136
2024/02/12,0.438131518744,0.438136742552,0.438131518744,0.438136742552
2024/02/13,0.406636482048,0.406539328024,0.406636482048,0.406539328024
2024/02/14,0.400825707224,0.400827351456,0.400825707224,0.400827351456
2024/02/15,0.397135249056,0.397140288264,0.397135249056,0.397140288264
2024/02/16,0.420946914736,0.420952160608,0.420946914736,0.420952160608
2024/02/17,0.388985538144,0.388986881736,0.388985538144,0.388986881736
2024/02/18,0.397551347384,0.397558871512,0.397551347384,0.397558871512
2024/02/19,0.452506109808,0.452513917344,0.452506109808,0.452513917344
2024/02/20,0.426163633952,0.426169556512,0.426163633952,0.426169556512
2024/02/21,0.407557676088,0.407560591144,0.407557676088,0.407560591144
2024/02/22,0.442697473888,0.44270577788,0.442697473888,0.44270577788
2024/02/23,0.436765335792,0.436766868144,0.436765335792,0.436766868144
2024/02/24,0.395395622328,0.395401226392,0.395395622328,0.395401226392
2024/02/25,0.38553062376,0.38553241808,0.38553062376,0.38553241808
2024/02/26,0.404179217192,0.404179637864,0.404179217192,0.404179637864
2024/02/27,0.38404315612,0.384047855256,0.38404315612,0.384047855256
2024/02/28,0.36624914924,0.36625757472,0.36624914924,0.36625757472
2024/02/29,0.438889958584,0.43889856004,0.438889958584,0.43889856004
2024/03/01,0.402876053664,0.402878174936,0.402876053664,0.402878174936
2024/03/02,0.424061176744,0.424053856448,0.424061176744,0.424053856448
2024/03/03,0.391628225264,0.391632819832,0.391628225264,0.391632819832
2024/03/04,0.403249793728,0.40325449932,0.403249793728,0.40325449932
2024/03/05,0.375662637856,0.375665660512,0.375662637856,0.375665660512
2024/03/06,0.397929816336,0.397931349952,0.397929816336,0.397931349952
2024/03/07,0.399917229912,0.399919503688,0.399917229912,0.399919503688
2024/03/08,0.398102213056,0.398105842816,0.398102213056,0.398105842816
2024/03/09,0.4596866916,0.4596874744,0.4596866916,0.4596874744
2024/03/10,0.440639178088,0.440640958968,0.440639178088,0.440640958968
2024/03/11,0.435803307752,0.435805680864,0.435803307752,0.435805680864
2024/03/12,0.383453967872,0.383454799056,0.383453967872,0.383454799056
2024/03/13,0.402315661088,0.40231909716,0.402315661088,0.40231909716
2024/03/14,0.420844421776,0.42084706332,0.420844421776,0.42084706332
2024/03/15,0.43799921492,0.438000301696,0.43799921492,0.438000301696
2024/03/16,0.389431083944,0.389433384184,0.389431083944,0.389433384184
2024/03/17,0.3732415686,0.373242044984,0.3732415686,0.373242044984
2024/03/18,0.358701188288,0.358703247728,0.358701188288,0.358703247728
2024/03/19,0.33019607832,0.330198706528,0.33019607832,0.330198706528
2024/03/20,0.431974665056,0.4319767832,0.431974665056,0.4319767832
2024/03/21,0.413258303904,0.413262076744,0.413258303904,0.413262076744
2024/03/22,0.418910356984,0.418913586352,0.418910356984,0.418913586352
2024/03/23,0.405031325344,0.405033839056,0.405031325344,0.405033839056
2024/03/24,0.373064648024,0.373066440904,0.373064648024,0.373066440904
2024/03/25,0.36489554788,0.364895229168,0.36489554788,0.364895229168
2024/03/26,0.367027093672,0.36703088224,0.367027093672,0.36703088224
2024/03/27,0.457923484192,0.457914019264,0.457923484192,0.457914019264
2024/03/28,0.401405061312,0.401410427864,0.401405061312,0.401410427864
2024/03/29,0.402313059768,0.402312721608,0.402313059768,0.402312721608
2024/03/30,0.40093469648,0.400939024736,0.40093469648,0.400939024736
2024/03/31,0.392886993552,0.39289203572,0.392886993552,0.39289203572
2024/04/01,0.40175446248,0.401744087528,0.40175446248,0.401744087528
2024/04/02,0.36358463872,0.363589729272,0.36358463872,0.363589729272
2024/04/03,0.389763308848,0.389769021472,0.389763308848,0.389769021472
2024/04/04,0.444101206672,0.444109387864,0.444101206672,0.444109387864
2024/04/05,0.412910439048,0.412915247992,0.412910439048,0.412915247992
2024/04/06,0.403100706648,0.402804856632,0.403100706648,0.402804856632
2024/04/07,0.388200743464,0.388205065704,0.388200743464,0.388205065704
2024/04/08,0.437460730376,0.437420872672,0.437460730376,0.437420872672
2024/04/09,0.378925336,0.378930612296,0.378925336,0.378930612296
2024/04/10,0.4492651006,0.449269094384,0.4492651006,0.449269094384
2024/04/11,0.419072074896,0.41907828924,0.419072074896,0.41907828924
2024/04/12,0.429852012048,0.42985844432,0.429852012048,0.42985844432
2024/04/13,0.40508310508,0.405088173488,0.40508310508,0.405088173488
2024/04/14,0.387269489328,0.387272458496,0.387269489328,0.387272458496
2024/04/15,0.40233187228,0.402335728472,0.40233187228,0.402335728472
2024/04/16,0.379511706024,0.37951793976,0.379511706024,0.37951793976
2024/04/17,0.399907459952,0.399910368952,0.399907459952,0.399910368952
2024/04/18,0.427908614744,0.427913909488,0.427908614744,0.427913909488
2024/04/19,0.429933593104,0.429942067872,0.429933593104,0.429942067872
2024/04/20,0.414860981144,0.4148703128,0.414860981144,0.4148703128
2024/04/21,0.389971121512,0.389969376272,0.389971121512,0.389969376272
2024/04/22,0.425984175696,0.425987338264,0.425984175696,0.425987338264
2024/04/23,0.386342679544,0.386349766376,0.386342679544,0.386349766376
2024/04/24,0.44001111756,0.440015241648,0.44001111756,0.440015241648
2024/04/25,0.45662518396,0.456632184816,0.45662518396,0.456632184816
2024/04/26,0.412478794608,0.412487746072,0.412478794608,0.412487746072
2024/04/27,0.404141894776,0.40414729688,0.404141894776,0.40414729688
2024/04/28,0.375069336904,0.37507375704,0.375069336904,0.37507375704
2024/04/29,0.397207966344,0.397210733808,0.397207966344,0.397210733808
2024/04/30,0.382729382128,0.38273515996,0.382729382128,0.38273515996
2024/05/01,0.41465258364,0.41465652044,0.41465258364,0.41465652044
2024/05/02,0.394297595648,0.394307936904,0.394297595648,0.394307936904
2024/05/03,0.39286837396,0.392873234968,0.39286837396,0.392873234968
2024/05/04,0.348206327736,0.348212095904,0.348206327736,0.348212095904
2024/05/05,0.325928179016,0.32593021132,0.325928179016,0.32593021132
2024/05/06,0.287217146656,0.28722460596,0.287217146656,0.28722460596
2024/05/07,0.308800874448,0.308807009736,0.308800874448,0.308807009736
2024/05/08,0.374871224136,0.37484060072,0.374871224136,0.37484060072
2024/05/09,0.417370418056,0.417376544792,0.417370418056,0.417376544792
2024/05/10,0.418124878712,0.418123440976,0.418124878712,0.418123440976
2024/05/11,0.4075978402,0.407601224232,0.4075978402,0.407601224232
2024/05/12,0.303244089256,0.303248083728,0.303244089256,0.303248083728
2024/05/13,0.31458231908,0.314584731312,0.31458231908,0.314584731312
2024/05/14,0.315777337152,0.315782314088,0.315777337152,0.315782314088
2024/05/15,0.343741018184,0.343744325784,0.343741018184,0.343744325784
2024/05/16,0.388821387288,0.388827529008,0.388821387288,0.388827529008
2024/05/17,0.405878315664,0.405888597976,0.405878315664,0.405888597976
2024/05/18,0.402349784016,0.402356537224,0.402349784016,0.402356537224
2024/05/19,0.374443091384,0.374451476496,0.374443091384,0.374451476496
2024/05/20,0.414356971256,0.414365185216,0.414356971256,0.414365185216
2024/05/21,0.371131673432,0.371137994208,0.371131673432,0.371137994208
2024/05/22,0.355145182888,0.35516060316,0.355145182888,0.35516060316
2024/05/23,0.362379016368,0.362386096368,0.362379016368,0.362386096368
2024/05/24,0.364676151584,0.364681151472,0.364676151584,0.364681151472
2024/05/25,0.408955543296,0.408958802168,0.408955543296,0.408958802168
2024/05/26,0.39845381644,0.398458852544,0.39845381644,0.398458852544
2024/05/27,0.369109645616,0.369112950168,0.369109645616,0.369112950168
2024/05/28,0.357830848488,0.357835212408,0.357830848488,0.357835212408
2024/05/29,0.361945238864,0.361946828984,0.361945238864,0.361946828984
2024/05/30,0.390734541016,0.390738364128,0.390734541016,0.390738364128
2024/05/31,0.360883856296,0.360887014752,0.360883856296,0.360887014752
2024/06/01,0.348806643664,0.348981525808,0.348806643664,0.348981525808
2024/06/02,0.312187959976,0.312205463968,0.312187959976,0.312205463968
2024/06/03,0.312211436384,0.312228766312,0.312211436384,0.312228766312
2024/06/04,0.349990120864,0.350011746568,0.349990120864,0.350011746568
2024/06/05,0.360662560656,0.36070863896,0.360662560656,0.36070863896
2024/06/06,0.37432045992,0.374343647416,0.37432045992,0.374343647416
2024/06/07,0.322037679264,0.32206108488,0.322037679264,0.32206108488
2024/06/08,0.372420857544,0.372447879968,0.372420857544,0.372447879968
2024/06/09,0.32415776036,0.324172744,0.32415776036,0.324172744
2024/06/10,0.339600410192,0.339611431584,0.339600410192,0.339611431584
2024/06/11,0.353555694832,0.35358344464,0.353555694832,0.35358344464
2024/06/12,0.37622508456,0.376237808328,0.37622508456,0.376237808328
2024/06/13,0.384578160408,0.38460099704,0.384578160408,0.38460099704
2024/06/14,0.43361849844,0.433642705936,0.43361849844,0.433642705936
2024/06/15,0.386298783912,0.38632591324,0.386298783912,0.38632591324
2024/06/16,0.322348980928,0.32236167316,0.322348980928,0.32236167316
2024/06/17,0.319263014536,0.319277069104,0.319263014536,0.319277069104
2024/06/18,0.35421319504,0.354241250992,0.35421319504,0.354241250992
2024/06/19,0.367641150576,0.367663167136,0.367641150576,0.367663167136
2024/06/20,0.382129277128,0.382151758392,0.382129277128,0.382151758392
2024/06/21,0.377226390504,0.37726218628,0.377226390504,0.37726218628
2024/06/22,0.350823976312,0.350845455072,0.350823976312,0.350845455072
2024/06/23,0.351226559216,0.351238820464,0.351226559216,0.351238820464
2024/06/24,0.312742103728,0.312772293568,0.312742103728,0.312772293568
2024/06/25,0.328434420504,0.328441333304,0.328434420504,0.328441333304
2024/06/26,0.308486817056,0.308486367752,0.308486817056,0.308486367752
2024/06/27,0.401294226688,0.401280013632,0.401294226688,0.401280013632
2024/06/28,0.391847899872,0.391849506432,0.391847899872,0.391849506432
2024/06/29,0.3589083898,0.358908163,0.3589083898,0.358908163
2024/06/30,0.321295590168,0.32129966412,0.321295590168,0.32129966412
2024/07/01,0.332112131056,0.332116926568,0.332112131056,0.332116926568
2024/07/02,0.361608194392,0.361613648552,0.361608194392,0.361613648552
2024/07/03,0.365329764224,0.365334481488,0.365329764224,0.365334481488
2024/07/04,0.360052173056,0.360060667736,0.360052173056,0.360060667736
2024/07/05,0.385632991216,0.3856375334,0.385632991216,0.3856375334
2024/07/06,0.366986527384,0.36699182436,0.366986527384,0.36699182436
2024/07/07,0.32549195628,0.3254941118,0.32549195628,0.3254941118
2024/07/08,0.324174027784,0.324180394032,0.324174027784,0.324180394032
2024/07/09,0.343445045656,0.34344880388,0.343445045656,0.34344880388
2024/07/10,0.348970334824,0.348972251576,0.348970334824,0.348972251576
2024/07/11,0.339130537384,0.339135327472,0.339130537384,0.339135327472
2024/07/12,0.327993430256,0.327990747944,0.327993430256,0.327990747944
2024/07/13,0.312447544152,0.31245043968,0.312447544152,0.31245043968
2024/07/14,0.282109861816,0.282115440032,0.282109861816,0.282115440032
2024/07/15,0.285595872872,0.285597721672,0.285595872872,0.285597721672
2024/07/16,0.325246873712,0.325252240224,0.325246873712,0.325252240224
2024/07/17,0.322724234912,0.3227633964,0.322724234912,0.3227633964
2024/07/18,0.309166185128,0.309172828672,0.309166185128,0.309172828672
2024/07/19,0.323012312344,0.323026799056,0.323012312344,0.323026799056
2024/07/20,0.309213629072,0.309228488776,0.309213629072,0.309228488776
2024/07/21,0.283783672856,0.283786551248,0.283783672856,0.283786551248
2024/07/22,0.29012472896,0.290125499504,0.29012472896,0.290125499504
2024/07/23,0.312564445632,0.31256109676,0.312564445632,0.31256109676
2024/07/24,0.374999390336,0.374959351792,0.374999390336,0.374959351792
2024/07/25,0.35515288656,0.355151786544,0.35515288656,0.355151786544
2024/07/26,0.325291657352,0.325295964096,0.325291657352,0.325295964096
2024/07/27,0.309691486432,0.309694756976,0.309691486432,0.309694756976
2024/07/28,0.306579125256,0.306602497896,0.306579125256,0.306602497896
2024/07/29,0.304334121968,0.3043347728,0.304334121968,0.3043347728
2024/07/30,0.326125579976,0.32569295044,0.326125579976,0.32569295044
2024/07/31,0.329204350088,0.329206609888,0.329204350088,0.329206609888
2024/08/01,0.334662214616,0.334670809696,0.334662214616,0.334670809696
2024/08/02,0.335280923936,0.335285652488,0.335280923936,0.335285652488
2024/08/03,0.325332919224,0.325338105344,0.325332919224,0.325338105344
2024/08/04,0.293726405464,0.29373217696,0.293726405464,0.29373217696
2024/08/05,0.293520556376,0.293525513864,0.293520556376,0.293525513864
2024/08/06,0.318269749824,0.318274029208,0.318269749824,0.318274029208
2024/08/07,0.34897182176,0.348975598352,0.34897182176,0.348975598352
2024/08/08,0.317144683784,0.317149295184,0.317144683784,0.317149295184
2024/08/09,0.318585233376,0.318569042632,0.318585233376,0.318569042632
2024/08/10,0.304296447296,0.304282506912,0.304296447296,0.304282506912
2024/08/11,0.275227234976,0.275217923712,0.275227234976,0.275217923712
2024/08/12,0.27269637128,0.272688880064,0.27269637128,0.272688880064
2024/08/13,0.328272559976,0.328268562264,0.328272559976,0.328268562264
2024/08/14,0.298399069352,0.29838764796,0.298399069352,0.29838764796
2024/08/15,0.284815253216,0.284808068992,0.284815253216,0.284808068992
2024/08/16,0.261955112712,0.261932054368,0.261955112712,0.261932054368
2024/08/17,0.3680008706,0.36799538872,0.3680008706,0.36799538872
2024/08/18,0.289481799352,0.289474301392,0.289481799352,0.289474301392
2024/08/19,0.293475041672,0.293466697,0.293475041672,0.293466697
2024/08/20,0.304622100672,0.304617236136,0.304622100672,0.304617236136
2024/08/21,0.309884090416,0.309882353888,0.309884090416,0.309882353888
2024/08/22,0.333037735968,0.333037906936,0.333037735968,0.333037906936
2024/08/23,0.326613748008,0.326610135424,0.326613748008,0.326610135424
2024/08/24,0.3109022072,0.310901160576,0.3109022072,0.310901160576
2024/08/25,0.301847412696,0.301838737856,0.301847412696,0.301838737856
2024/08/26,0.31391821744,0.31384288148,0.31391821744,0.31384288148
2024/08/27,0.323207424848,0.323208334096,0.323207424848,0.323208334096
2024/08/28,0.328059686432,0.327963220208,0.328059686432,0.327963220208
2024/08/29,0.352790917,0.352764844896,0.352790917,0.352764844896
2024/08/30,0.35092519896,0.350925947576,0.35092519896,0.350925947576
2024/08/31,0.33714857912,0.337149283792,0.33714857912,0.337149283792
2024/09/01,0.32946286552,0.329465055744,0.32946286552,0.329465055744
2024/09/02,0.338293304272,0.3382950862,0.338293304272,0.3382950862
2024/09/03,0.332616029912,0.332618176456,0.332616029912,0.332618176456
2024/09/04,0.352208376112,0.352209314968,0.352208376112,0.352209314968
2024/09/05,0.406605080576,0.406607134752,0.406605080576,0.406607134752
2024/09/06,0.371878452432,0.371882739824,0.371878452432,0.371882739824
2024/09/07,0.366345266192,0.366348265448,0.366345266192,0.366348265448
2024/09/08,0.330506048496,0.330509970856,0.330506048496,0.330509970856
2024/09/09,0.331480277544,0.331481652248,0.331480277544,0.331481652248
2024/09/10,0.36654256012,0.366545060704,0.36654256012,0.366545060704
2024/09/11,0.39154320728,0.391545743528,0.39154320728,0.391545743528
2024/09/12,0.394025556848,0.394030106496,0.394025556848,0.394030106496
2024/09/13,0.424521182312,0.424521781656,0.424521182312,0.424521781656
2024/09/14,0.414927866272,0.414932687936,0.414927866272,0.414932687936
2024/09/15,0.408877133064,0.40888069596,0.408877133064,0.40888069596
2024/09/16,0.42628022192,0.426282701712,0.42628022192,0.426282701712
2024/09/17,0.406519179576,0.40652144488,0.406519179576,0.40652144488
2024/09/18,0.488172145168,0.488164266744,0.488172145168,0.488164266744
2024/09/19,0.472129504624,0.472135849664,0.472129504624,0.472135849664
2024/09/20,0.46715036604,0.467121342592,0.46715036604,0.467121342592
2024/09/21,0.450046806192,0.449992003232,0.450046806192,0.449992003232
2024/09/22,0.454431675448,0.454437828144,0.454431675448,0.454437828144
2024/09/23,0.434448415256,0.434453234576,0.434448415256,0.434453234576
2024/09/24,0.407225281064,0.407229562832,0.407225281064,0.407229562832
2024/09/25,0.44636763696,0.44636974784,0.44636763696,0.44636974784
2024/09/26,0.464151880096,0.464156383408,0.464151880096,0.464156383408
2024/09/27,0.458919002968,0.458921883792,0.458919002968,0.458921883792
2024/09/28,0.454091442192,0.45409514308,0.454091442192,0.45409514308
2024/09/29,0.44791912812,0.447917783152,0.44791912812,0.447917783152
2024/09/30,0.460126316944,0.46012752264,0.460126316944,0.46012752264
2024/10/01,0.425759407752,0.425761696296,0.425759407752,0.425761696296
2024/10/02,0.394176836648,0.39417894912,0.394176836648,0.39417894912
2024/10/03,0.388649587688,0.388653966144,0.388649587688,0.388653966144
2024/10/04,0.391574565864,0.391576160496,0.391574565864,0.391576160496
2024/10/05,0.377260176104,0.377260973832,0.377260176104,0.377260973832
2024/10/06,0.379320257992,0.379320746496,0.379320257992,0.379320746496
2024/10/07,0.3673904864,0.367396109192,0.3673904864,0.367396109192
2024/10/08,0.3416523118,0.341652896024,0.3416523118,0.341652896024
2024/10/09,0.36484292644,0.36484448352,0.36484292644,0.36484448352
2024/10/10,0.391120394888,0.391122585616,0.391120394888,0.391122585616
2024/10/11,0.405403674656,0.40538206116,0.405403674656,0.40538206116
2024/10/12,0.441772139584,0.441771577168,0.441772139584,0.441771577168
2024/10/13,0.450801750536,0.450800460112,0.450801750536,0.450800460112
2024/10/14,0.438003713024,0.438006208984,0.438003713024,0.438006208984
2024/10/15,0.415316349344,0.415315332928,0.415316349344,0.415315332928
2024/10/16,0.451262921408,0.451262587848,0.451262921408,0.451262587848
2024/10/17,0.45323641616,0.453239558656,0.45323641616,0.453239558656
2024/10/18,0.443183663424,0.443183892792,0.443183663424,0.443183892792
2024/10/19,0.502662315552,0.502666313288,0.502662315552,0.502666313288
2024/10/20,0.501045251488,0.501045210968,0.501045251488,0.501045210968
2024/10/21,0.490334754688,0.49033253544,0.490334754688,0.49033253544
2024/10/22,0.468866835856,0.468868436432,0.468866835856,0.468868436432
2024/10/23,0.505349489304,0.505349978008,0.505349489304,0.505349978008
2024/10/24,0.510484520872,0.510487704648,0.510484520872,0.510487704648
2024/10/25,0.495966380224,0.495972236672,0.495966380224,0.495972236672
2024/10/26,0.508058391792,0.50806374668,0.508058391792,0.50806374668
2024/10/27,0.462471026256,0.462473854976,0.462471026256,0.462473854976
2024/10/28,0.44284540744,0.442847571936,0.44284540744,0.442847571936
2024/10/29,0.431171457528,0.43117618732,0.431171457528,0.43117618732
2024/10/30,0.463474891976,0.463478860816,0.463474891976,0.463478860816
2024/10/31,0.49512155056,0.495129443832,0.49512155056,0.495129443832
2024/11/01,0.481463689152,0.481469644064,0.481463689152,0.481469644064
2024/11/02,0.46061703304,0.460621874008,0.46061703304,0.460621874008
2024/11/03,0.596182840096,0.59618953024,0.596182840096,0.59618953024
2024/11/04,0.539787866608,0.539798827072,0.539787866608,0.539798827072
2024/11/05,0.46067102624,0.460657281536,0.46067102624,0.460657281536
2024/11/06,0.492740184728,0.492746694432,0.492740184728,0.492746694432
2024/11/07,0.4962081478,0.496214430144,0.4962081478,0.496214430144
2024/11/08,0.505905936672,0.505915385288,0.505905936672,0.505915385288
2024/11/09,0.496365766512,0.496371554008,0.496365766512,0.496371554008
2024/11/10,0.480514832864,0.480517771696,0.480514832864,0.480517771696
2024/11/11,0.47836514872,0.478371104448,0.47836514872,0.478371104448
2024/11/12,0.424380933536,0.42438735984,0.424380933536,0.42438735984
2024/11/13,0.450293934144,0.450300209072,0.450293934144,0.450300209072
2024/11/14,0.514446557296,0.514453886048,0.514446557296,0.514453886048
2024/11/15,0.524281719872,0.524287313072,0.524281719872,0.524287313072
2024/11/16,0.493956907832,0.493961409416,0.493956907832,0.493961409416
2024/11/17,0.457858253392,0.45786255024,0.457858253392,0.45786255024
2024/11/18,0.425065916064,0.425068126024,0.425065916064,0.425068126024
2024/11/19,0.413285825512,0.413290460472,0.413285825512,0.413290460472
2024/11/20,0.426784662368,0.426777434288,0.426784662368,0.426777434288
2024/11/21,0.475611990472,0.475616795024,0.475611990472,0.475616795024
2024/11/22,0.489782711392,0.48978931336,0.489782711392,0.48978931336
2024/11/23,0.492153104792,0.492158797624,0.492153104792,0.492158797624
2024/11/24,0.504832872488,0.504834403848,0.504832872488,0.504834403848
2024/11/25,0.500199836384,0.500203473432,0.500199836384,0.500203473432
2024/11/26,0.451029682696,0.451034744608,0.451029682696,0.451034744608
2024/11/27,0.479671604008,0.479677193056,0.479671604008,0.479677193056
2024/11/28,0.482644582952,0.482663379896,0.482644582952,0.482663379896
2024/11/29,0.495877183224,0.495880995496,0.495877183224,0.495880995496
2024/11/30,0.48917809516,0.48918430448,0.48917809516,0.48918430448
2024/12/01,0.53420623968,0.534208789728,0.53420623968,0.534208789728
2024/12/02,0.647211990264,0.647218363664,0.647211990264,0.647218363664
2024/12/03,0.493804431352,0.493816676464,0.493804431352,0.493816676464
2024/12/04,0.490481763168,0.490490690904,0.490481763168,0.490490690904
2024/12/05,0.515246855064,0.515268267416,0.515246855064,0.515268267416
2024/12/06,0.506855056792,0.50687895496,0.506855056792,0.50687895496
2024/12/07,0.513068020136,0.513076901256,0.513068020136,0.513076901256
2024/12/08,0.501285751848,0.501289753424,0.501285751848,0.501289753424
2024/12/09,0.486702079368,0.486707530176,0.486702079368,0.486707530176
2024/12/10,0.438220911856,0.438227106552,0.438220911856,0.438227106552
2024/12/11,0.50581566036,0.505821320216,0.50581566036,0.505821320216
2024/12/12,0.502376060216,0.502398985,0.502376060216,0.502398985
2024/12/13,0.488671899416,0.488677380176,0.488671899416,0.488677380176
2024/12/14,0.493560215312,0.4935774666,0.493560215312,0.4935774666
2024/12/15,0.497389190008,0.497393215616,0.497389190008,0.497393215616
2024/12/16,0.480152651808,0.480154606608,0.480152651808,0.480154606608
2024/12/17,0.447108136536,0.447108842256,0.447108136536,0.447108842256
2024/12/18,0.480471414848,0.480437313384,0.480471414848,0.480437313384
2024/12/19,0.492235683368,0.492239482568,0.492235683368,0.492239482568
2024/12/20,0.482536023816,0.482546831872,0.482536023816,0.482546831872
2024/12/21,0.472593983264,0.472599686008,0.472593983264,0.472599686008
2024/12/22,0.467662408968,0.467667980352,0.467662408968,0.467667980352
2024/12/23,0.454165484768,0.454166620176,0.454165484768,0.454166620176
2024/12/24,0.404136189976,0.404141414464,0.404136189976,0.404141414464
2024/12/25,0.398103983872,0.39810656984,0.398103983872,0.39810656984
2024/12/26,0.40022478932,0.4002299956,0.40022478932,0.4002299956
2024/12/27,0.449333662296,0.449334556344,0.449333662296,0.449334556344
2024/12/28,0.439230596728,0.439233772976,0.439230596728,0.439233772976
2024/12/29,0.424254541296,0.424257560352,0.424254541296,0.424257560352
2024/12/30,0.423042293712,0.423042820232,0.423042293712,0.423042820232
2024/12/31,0.403910401944,0.403913477536,0.403910401944,0.403913477536
2025/01/01,0.355452937408,0.355456433128,0.355452937408,0.355456433128
2025/01/02,0.380966267232,0.380969117872,0.380966267232,0.380969117872
2025/01/03,0.427655138072,0.427661076248,0.427655138072,0.427661076248
2025/01/04,0.425026678072,0.425029563792,0.425026678072,0.425029563792
2025/01/05,0.420649886048,0.420656029184,0.420649886048,0.420656029184
2025/01/06,0.440593109216,0.44059684964,0.440593109216,0.44059684964
2025/01/07,0.424711388664,0.424714379664,0.424711388664,0.424714379664
2025/01/08,0.423385412888,0.42339098,0.423385412888,0.42339098
2025/01/09,0.432618045848,0.43262489476,0.432618045848,0.43262489476
2025/01/10,0.450808546824,0.450815220112,0.450808546824,0.450815220112
2025/01/11,0.438603200216,0.438608096504,0.438603200216,0.438608096504
2025/01/12,0.437073622928,0.437083639432,0.437073622928,0.437083639432
2025/01/13,0.45851770536,0.458525223832,0.45851770536,0.458525223832
2025/01/14,0.432221650136,0.432407227064,0.432221650136,0.432407227064
2025/01/15,0.487623650544,0.487629226136,0.487623650544,0.487629226136
2025/01/16,0.47182546816,0.471835213272,0.47182546816,0.471835213272
2025/01/17,0.446214959992,0.446224417824,0.446214959992,0.446224417824
2025/01/18,0.435265757088,0.435272555688,0.435265757088,0.435272555688
2025/01/19,0.415495320144,0.415501096928,0.415495320144,0.415501096928
2025/01/20,0.437060762768,0.437066210104,0.437060762768,0.437066210104
2025/01/21,0.417985640216,0.417946899616,0.417985640216,0.417946899616
2025/01/22,0.445622830344,0.445629181832,0.445622830344,0.445629181832
2025/01/23,0.45811751492,0.458125800976,0.45811751492,0.458125800976
2025/01/24,0.476197908896,0.476218799464,0.476197908896,0.476218799464
2025/01/25,0.45457803612,0.454582529792,0.45457803612,0.454582529792
2025/01/26,0.431526164968,0.431523211784,0.431526164968,0.431523211784
2025/01/27,0.437100522976,0.4371069756,0.437100522976,0.4371069756
2025/01/28,0.408530479088,0.408537767912,0.408530479088,0.408537767912
2025/01/29,0.448937719032,0.449311329632,0.448937719032,0.449311329632
2025/01/30,0.46425441356,0.464257546688,0.46425441356,0.464257546688
2025/01/31,0.470771609112,0.470768309296,0.470771609112,0.470768309296
2025/02/01,0.480167778464,0.480172953152,0.480167778464,0.480172953152
2025/02/02,0.450188253024,0.450192998264,0.450188253024,0.450192998264
2025/02/03,0.443509616984,0.443514731184,0.443509616984,0.443514731184
2025/02/04,0.434788762672,0.434795039224,0.434788762672,0.434795039224
2025/02/05,0.483265440352,0.483270031928,0.483265440352,0.483270031928
2025/02/06,0.501542616856,0.50154989832,0.501542616856,0.50154989832
2025/02/07,0.486664053048,0.486689318984,0.486664053048,0.486689318984
2025/02/08,0.480731689504,0.480739546592,0.480731689504,0.480739546592
2025/02/09,0.47013695548,0.470147048344,0.47013695548,0.470147048344
2025/02/10,0.489409768376,0.489423061176,0.489409768376,0.489423061176
2025/02/11,0.440695901816,0.440704498624,0.440695901816,0.440704498624
2025/02/12,0.472442251296,0.47244747848,0.472442251296,0.47244747848
2025/02/13,0.468639222848,0.468645528504,0.468639222848,0.468645528504
2025/02/14,0.459727183904,0.459732224976,0.459727183904,0.459732224976
2025/02/15,0.438300566992,0.43830606772,0.438300566992,0.43830606772
2025/02/16,0.436569055184,0.436574989952,0.436569055184,0.436574989952
2025/02/17,0.44292927072,0.442921503416,0.44292927072,0.442921503416
2025/02/18,0.407016436864,0.407019069784,0.407016436864,0.407019069784
2025/02/19,0.4365704526,0.436572282992,0.4365704526,0.436572282992
2025/02/20,0.47883597504,0.478840958392,0.47883597504,0.478840958392
2025/02/21,0.469190952408,0.46919648316,0.469190952408,0.46919648316
2025/02/22,0.531437159672,0.536199259408,0.531437159672,0.536199259408
2025/02/23,0.50121659236,0.501209889192,0.50121659236,0.501209889192
2025/02/24,0.487814228816,0.487817352776,0.487814228816,0.487817352776
